{
  "duration": 86400.0,
  "dx": 90.0,
  "steps": 42951,
  "wall_s": 58.59701180458069,
  "ledger": {
    "initial": 562833933.1726111,
    "injected": 379993445.318317,
    "drained": 379561033.50171614,
    "sink": 0.0,
    "boundary": 5189555.122189283,
    "clipped": 0.0
  },
  "ledger_error": 3.793142592281911e-16,
  "storage_final": 558076789.8670231,
  "sink_total": 297116815.6798532,
  "sink_first_arrival_s": 24628.59217959949,
  "snap_times": [
    1.9789025593161518,
    300.7932433753973,
    601.5875783596757,
    900.4080632551928,
    1201.2548168617227,
    1500.316889657677,
    1801.614380134836,
    2101.2254196932513,
    2401.159783797588,
    2701.446061191316,
    3000.1249874628325,
    3301.2201233557057,
    3600.794491265524,
    3900.902852581428,
    4201.619992960665,
    4501.021855696224,
    4801.921654695126,
    5100.156569981906,
    5401.194109617162,
    5701.453407542768,
    6000.157420513072,
    6301.427086700027,
    6600.374103138246,
    6900.6267408315325,
    7200.499000309663,
    7500.58293755221,
    7801.362741535144,
    8100.123100222564,
    8400.277110429408,
    8700.781506747651,
    9000.656966593222,
    9300.92535912216,
    9600.027165639203,
    9901.118530388929,
    10200.035115474535,
    10500.470459876318,
    10800.20041530416,
    11101.134430145994,
    11400.77338412543,
    11700.825889627038,
    12000.056213820559,
    12300.133245263654,
    12601.251620374227,
    12900.534610742692,
    13201.054882698543,
    13501.424131624663,
    13800.167193366111,
    14100.468729115113,
    14400.866446767774,
    14701.40610643714,
    15000.560487992563,
    15301.606699264037,
    15601.310677999867,
    15901.39423997617,
    16200.372599091997,
    16500.013533369864,
    16801.44550465473,
    17101.739350268283,
    17400.87922335013,
    17700.655014257336,
    18001.104028893424,
    18300.419135592172,
    18600.387505091418,
    18901.012288386843,
    19200.41468362865,
    19500.401154506373,
    19800.963095703784,
    20100.197208377667,
    20401.901758141783,
    20701.88517087657,
    21001.77220737013,
    21301.56351458323,
    21600.63415951387,
    21900.887983107623,
    22200.920843244214,
    22501.121690306125,
    22801.632585153176,
    23100.72931593957,
    23400.45514696129,
    23700.94539729063,
    24000.470116669865,
    24301.02078260784,
    24600.860841671743,
    24900.111205113662,
    25200.726390102704,
    25500.9596987459,
    25800.90675608746,
    26100.656592170664,
    26400.292313789025,
    26701.72931593803,
    27001.36389471747,
    27301.101128802045,
    27601.00362544747,
    27901.129709873152,
    28201.533891058287,
    28500.420941734024,
    28801.52816252348,
    29101.20514182029,
    29401.339478506765,
    29700.113485337108,
    30001.275623815716,
    30301.14297034337,
    30601.607375683943,
    30900.827623991005,
    31200.69704555733,
    31501.24371899021,
    31800.60961159662,
    32100.69798020023,
    32401.53413200107,
    32701.240800459083,
    33001.73075384193,
    33301.1155086823,
    33601.31408648821,
    33900.425004159886,
    34200.37414739566,
    34501.17967335601,
    34800.92246480029,
    35101.45947338272,
    35400.22947111632,
    35700.98471937915,
    36001.74837092961,
    36300.6065100713,
    36601.46985934148,
    36900.48407367238,
    37201.559427410495,
    37500.83665695965,
    37800.282293112905,
    38101.86669022446,
    38401.72151825858,
    38701.81336978297,
    39000.21144263885,
    39300.83611900466,
    39601.755066289625,
    39901.025929230964,
    40200.61484096378,
    40500.536981335055,
    40800.8146811423,
    41101.47121700277,
    41400.55448591513,
    41700.04386323308,
    42001.92956135385,
    42300.30022311104,
    42601.092708543605,
    42900.36418418935,
    43200.10106708812,
    43500.313729544796,
    43801.01420626021,
    44100.21678103063,
    44401.920496555,
    44700.139917494555,
    45000.88472880736,
    45300.15053763338,
    45601.9585258442,
    45900.27197946128,
    46201.13981247778,
    46500.52850352675,
    46800.45948777982,
    47100.93752003529,
    47401.97032132137,
    47701.533769357375,
    48001.67441347417,
    48300.35745812645,
    48601.68741893968,
    48901.5751413194,
    49200.01676698877,
    49501.157846648995,
    49800.88497357751,
    50101.27016754882,
    50400.25007662818,
    50701.99408548195,
    51000.26937475762,
    51301.34482836652,
    51601.06197674362,
    51901.53444261528,
    52200.685654817295,
    52500.715390740384,
    52801.74513855595,
    53101.66981390307,
    53400.48761836935,
    53700.33089954177,
    54000.788470216954,
    54301.63804405098,
    54600.73821482948,
    54900.24946960665,
    55200.183870183355,
    55500.55080730911,
    55801.35978331951,
    56100.45005342221,
    56402.165284827126,
    56700.00007489989,
    57000.48045286803,
    57301.44247707107,
    57600.70946248943,
    57900.46942326074,
    58200.729051082926,
    58501.496292600496,
    58800.57908702217,
    59100.17874524143,
    59400.30217371404,
    59700.95623497778,
    60002.1477610913,
    60301.657921465834,
    60601.704471464654,
    60900.06320249772,
    61201.19237724678,
    61500.634146609635,
    61800.61682450332,
    62101.14376779648,
    62402.21854859046,
    62701.59395697925,
    63001.517708379375,
    63301.99240753003,
    63600.75593949985,
    63900.06602674989,
    64202.196920974544,
    64500.325174033096,
    64801.27223921491,
    65100.47422749255,
    65400.212080817306,
    65700.4900580804,
    66001.3117344289,
    66300.3800787342,
    66602.30564905252,
    66900.17831983457,
    67200.92749494493,
    67502.2564522619,
    67801.8517997319,
    68102.04445585482,
    68400.50956755587,
    68701.9237586624,
    69001.62670863251,
    69301.97581544826,
    69600.66890141877,
    69900.06490848475,
    70200.174003397,
    70501.00423767642,
    70800.18421395861,
    71100.08691416521,
    71400.7193733072,
    71702.08789201672,
    72001.79813276659,
    72302.24584350522,
    72601.02508343502,
    72900.54264485376,
    73200.80852249701,
    73501.8331613432,
    73801.18984486526,
    74101.3115422677,
    74402.20578588407,
    74701.42174475784,
    75001.4130821486,
    75302.1911891322,
    75601.28531001759,
    75901.16266978261,
    76201.82969260885,
    76500.79793694151,
    76800.5503997589,
    77101.08925689524,
    77402.41600540096,
    77702.01071520509,
    78002.38360405923,
    78301.00170803604,
    78600.3866044227,
    78900.5389195869,
    79201.45784347589,
    79500.58546792655,
    79800.47246803943,
    80101.12281365538,
    80402.5446489388,
    80702.1600119934,
    81002.55056071815,
    81301.1168476631,
    81600.45459295243,
    81900.56682530485,
    82201.45448725355,
    82500.49598639006,
    82800.31096974442,
    83100.90118220905,
    83402.26825019724,
    83701.76099619077,
    84002.02242647772,
    84300.38986983286,
    84602.19479324686,
    84902.09854958366,
    85200.08325658644,
    85501.52145728038,
    85801.03302427304,
    86101.31062957618,
    86400.000000001
  ],
  "gauge_names": [
    "vandiperiyar",
    "neriamangalam",
    "kalady",
    "aluva",
    "varappuzha",
    "dam_toe",
    "idukki_pool"
  ],
  "gauge_dt": 60.0
}