{
  "scenario": "baseline_142",
  "res": 90,
  "breach": {
    "name": "mullaperiyar_142ft_froehlich",
    "b_avg": 174.7245903529108,
    "t_form": 9084.195594003128,
    "q_peak": 50539.711872203094,
    "t_peak": 9084.0,
    "volume": 380000000.0,
    "head": 43.3
  },
  "wse": 884.9862952050257,
  "gauges": {
    "vandiperiyar": [
      9.56930117524814,
      77.08919931099545
    ],
    "neriamangalam": [
      10.053503206060908,
      76.78276027852154
    ],
    "kalady": [
      10.166671255439713,
      76.43678891347017
    ],
    "aluva": [
      10.106832109656178,
      76.34700693103706
    ],
    "varappuzha": [
      10.06971622998256,
      76.26637749287696
    ],
    "dam_toe": [
      9.528368713691027,
      77.13156468161974
    ]
  },
  "result": {
    "duration": 86400.0,
    "dx": 90.0,
    "steps": 41576,
    "wall_s": 54.01550340652466,
    "ledger": {
      "initial": 380000000.0000036,
      "injected": 379993445.318317,
      "drained": 379561033.50171614,
      "sink": 307193773.0570503,
      "boundary": 5188142.468450495,
      "clipped": 0.0
    },
    "ledger_error": 0.0,
    "storage_final": 68050496.29110359,
    "sink_total": 307193773.0570503,
    "sink_first_arrival_s": 24480.63212882444,
    "snap_times": [
      1.9789025593161518,
      300.7932433753973,
      601.5875783596757,
      900.4080632551928,
      1201.2548168617227,
      1500.316889657677,
      1801.614380134836,
      2101.2254196932513,
      2401.159783797588,
      2701.446061191316,
      3000.1249874628325,
      3301.2201233557057,
      3600.794491265524,
      3900.902852581428,
      4201.619992960665,
      4501.021855696224,
      4801.921654695126,
      5100.156569981906,
      5401.194109617162,
      5701.453407542768,
      6000.157420513072,
      6301.427086700027,
      6600.374103138246,
      6900.6267408315325,
      7200.499000309663,
      7500.58293755221,
      7801.362741535144,
      8100.123100222564,
      8400.277110429408,
      8700.781506747651,
      9000.656966593222,
      9300.92535912216,
      9600.027165639203,
      9901.118530388929,
      10200.035115474535,
      10500.470459876318,
      10800.20041530416,
      11101.134430145994,
      11400.77338412543,
      11700.825889627038,
      12000.056213820559,
      12300.133245263654,
      12601.251620374227,
      12900.534610742692,
      13201.054882698543,
      13501.424131624663,
      13800.167193366111,
      14100.468729115113,
      14400.866446767774,
      14701.40610643714,
      15000.560487992563,
      15301.606699264037,
      15601.310677999867,
      15901.39423997617,
      16200.372599091997,
      16500.013533369864,
      16801.44550465473,
      17101.739350268283,
      17400.87922335013,
      17700.655014257336,
      18001.104028893424,
      18300.419135592172,
      18600.387505091418,
      18901.012288386843,
      19200.41468362865,
      19500.401154506373,
      19800.963095703784,
      20100.197208377667,
      20401.901758141783,
      20701.88517087657,
      21001.77220737013,
      21301.56351458323,
      21600.63415951387,
      21900.887983107623,
      22200.920843244214,
      22501.121690306125,
      22801.632585153176,
      23100.72931593957,
      23400.45514696129,
      23700.94539729063,
      24000.470116669865,
      24301.02078260784,
      24600.860841671743,
      24900.111205113662,
      25200.726390102704,
      25500.9596987459,
      25800.90675608746,
      26100.656592170664,
      26400.292313789025,
      26701.72931593803,
      27001.36389471747,
      27301.101128802045,
      27601.00362544747,
      27901.129709873152,
      28201.533891058287,
      28500.42094173401,
      28801.5281625234,
      29101.20514182006,
      29401.339478506143,
      29700.113485335736,
      30001.27562381308,
      30301.14297033892,
      30601.607375676966,
      30900.827623980946,
      31200.69704554393,
      31501.243718973197,
      31800.609611576627,
      32100.697980179466,
      32401.534131919117,
      32701.24080025315,
      33001.73075347151,
      33301.1155080993,
      33601.31408562509,
      33900.42500292743,
      34200.37414567724,
      34501.17967099042,
      34800.92246156125,
      35101.45911727452,
      35400.22825729087,
      35700.99687551396,
      36001.7859446052,
      36300.672575713914,
      36601.568034959055,
      36900.617907112086,
      37201.733217504465,
      37501.05448246576,
      37800.54867533598,
      38100.24004196532,
      38400.15186713599,
      38700.306017298455,
      39000.72317850046,
      39301.42353886462,
      39600.469006968175,
      39901.78308525321,
      40201.465426374634,
      40501.487809557955,
      40801.87348855051,
      41100.67821321062,
      41401.85036978245,
      41701.46940305354,
      42001.51821212701,
      42300.03025771244,
      42600.97356355373,
      42900.402792383466,
      43200.306787417954,
      43500.697003302754,
      43801.58518120714,
      44100.98444632276,
      44400.8961194813,
      44701.335438647126,
      45000.30278861757,
      45301.81740554175,
      45601.86387841755,
      45900.437290083064,
      46201.579880586694,
      46501.25435387131,
      46801.48405874884,
      47100.23943982405,
      47401.59371764918,
      47701.490713803505,
      48001.98017008981,
      48301.02543495387,
      48600.67782935057,
      48900.94440238668,
      49201.85028459225,
      49501.35392975658,
      49801.52428811821,
      50100.3009069555,
      50401.85170692552,
      50702.0376245202,
      51000.86414877085,
      51300.43930917562,
      51600.796326540556,
      51902.036983720456,
      52200.045886422195,
      52501.181664150856,
      52801.24430868767,
      53100.23369326836,
      53400.29419149902,
      53701.45198313724,
      54001.562748281394,
      54300.61842736138,
      54600.799546813294,
      54902.12736608682,
      55200.22624569242,
      55501.67293404037,
      55802.07929820069,
      56101.431631012616,
      56401.94744907341,
      56701.397915950445,
      57002.019704245286,
      57301.585438229624,
      57600.09697604157,
      57902.104989229774,
      58200.821811906004,
      58500.81912742826,
      58802.12501777423,
      59100.12801225815,
      59401.75945618205,
      59700.06932782582,
      60002.05584042897,
      60300.6906669842,
      60600.650723645,
      60901.939881723854,
      61202.17361078544,
      61501.32505720572,
      61801.781216040945,
      62101.12892173482,
      62401.78461959293,
      62701.34191501732,
      63002.21796220405,
      63301.96186677191,
      63600.55314294295,
      63900.44674885345,
      64201.65587020386,
      64501.69028859326,
      64800.56454132737,
      65100.7993796439,
      65402.402237570386,
      65700.28355938238,
      66002.07823153958,
      66300.11466958631,
      66602.09913761837,
      66900.28491015003,
      67202.44885390575,
      67500.83322699484,
      67800.64585243842,
      68101.90556757848,
      68401.70536544641,
      68702.37712396242,
      69001.24689188907,
      69300.976028537,
      69601.55918115495,
      69900.29098256558,
      70202.55237605402,
      70500.22977325568,
      70801.42709164858,
      71100.71366283204,
      71400.81573142459,
      71701.73111390194,
      72000.70633602473,
      72300.47114798345,
      72601.02115353518,
      72902.35029508125,
      73201.6638975944,
      73501.72017492715,
      73802.51832712338,
      74101.27052660858,
      74400.75512218452,
      74700.97096557419,
      75001.93376804428,
      75300.83578994189,
      75600.49885676251,
      75900.94149012667,
      76202.17974136675,
      76501.38981472453,
      76801.43430911863,
      77102.3551803766,
      77401.34091643042,
      77701.29474349665,
      78002.23005627602,
      78301.25885243341,
      78601.29379200537,
      78902.3539460023,
      79201.56928341486,
      79501.89334894711,
