{
  "duration": 86400.0,
  "dx": 180.0,
  "steps": 17484,
  "wall_s": 10.246581315994263,
  "ledger": {
    "initial": 380000000.000002,
    "injected": 379987058.9853222,
    "drained": 379157606.50916225,
    "sink": 214154610.53897622,
    "boundary": 9597568.433957476,
    "clipped": 0.0
  },
  "ledger_error": -5.097852476031708e-16,
  "storage_final": 157077273.5032278,
  "sink_total": 214154610.53897622,
  "sink_first_arrival_s": 33994.159966415675,
  "snap_times": [
    4.650388227311204,
    302.27530557203136,
    604.5520642768736,
    902.1850576108027,
    1204.5013076634502,
    1502.262528145365,
    1800.190398460974,
    2103.000571380783,
    2401.4319266487073,
    2700.1949110590344,
    3004.0255989773464,
    3303.640773248718,
    3603.7868587579683,
    3904.553057134951,
    4201.327512436914,
    4502.841033364469,
    4800.98573901194,
    5101.894588932885,
    5402.54309406419,
    5700.060609415712,
    6003.062563415394,
    6300.174601141616,
    6600.089490585128,
    6900.286746053697,
    7201.344645519026,
    7500.236232547166,
    7800.716453013573,
    8103.08000465784,
    8401.250683926415,
    8702.25789845431,
    9003.054274005954,
    9301.311976459263,
    9601.62247138774,
    9901.589272179004,
    10200.300834594434,
    10502.215787986557,
    10802.257240986093,
    11101.114842946052,
    11402.383332953217,
    11700.264538283718,
    12001.327029918903,
    12302.63239290905,
    12601.016752495552,
    12903.024291035783,
    13202.116181077257,
    13501.575744524971,
    13801.476585580782,
    14101.986920736654,
    14402.98854268972,
    14701.061416229932,
    15003.559435858337,
    15303.215925760478,
    15603.606099149276,
    15901.141318760145,
    16203.513465061777,
    16502.952514624176,
    16803.24407198108,
    17100.24396677393,
    17401.820701090193,
    17703.755162620873,
    18001.716760410032,
    18303.639441882315,
    18603.172880452516,
    18900.075235034205,
    19203.00927563755,
    19503.37638707396,
    19801.164979256413,
    20100.777600553887,
    20402.276307539738,
    20701.110745885355,
    21001.36913495513,
    21303.097276081586,
    21601.835791760535,
    21902.13671798762,
    22204.06187427621,
    22503.072265605097,
    22803.77303462789,
    23101.535175390123,
    23401.0081157683,
    23702.231556104172,
    24000.502679790097,
    24300.556803489657,
    24602.43371594248,
    24901.337887832837,
    25202.09072122628,
    25504.741484553022,
    25804.399483709087,
    26101.008765240233,
    26404.491298756857,
    26704.48835570635,
    27003.73584852564,
    27302.01352158284,
    27604.390329430054,
    27901.061299168843,
    28202.015318397436,
    28502.39793732897,
    28802.2994486147,
    29101.799970400265,
    29400.97365630393,
    29704.788903870813,
    30003.514101250632,
    30302.119346011616,
    30600.668985242122,
    30904.11348616701,
    31202.719191820983,
    31501.43130062481,
    31800.29811716744,
    32104.269960190868,
    32403.585200455855,
    32703.186946318547,
    33003.11522394224,
    33303.40686574926,
    33604.0966351873,
    33900.27748148406,
    34201.8537116944,
    34503.92401930447,
    34801.55501586739,
    35104.69679272481,
    35403.436119835,
    35702.71027786215,
    36002.044741497215,
    36301.35639313262,
    36600.688732483686,
    36900.08286474897,
    37204.56957714137,
    37504.20215343946,
    37804.0051287899,
    38104.01017257774,
    38404.246151880485,
    38704.73867294189,
    39000.49650472264,
    39301.56881657942,
    39602.96861854651,
    39904.71885650742,
    40201.80336527166,
    40504.31451435275,
    40802.186398857164,
    41100.47489858303,
    41404.2643446137,
    41703.44583304718,
    42003.09575329905,
    42303.23986886302,
    42603.909815388026,
    42900.00438283896,
    43201.74206175841,
    43504.034291119584,
    43801.75622083884,
    44100.03953409731,
    44404.05655880242,
    44703.51522101028,
    45003.575874993956,
    45304.25055431691,
    45600.35063902914,
    45902.276749235236,
    46204.85084446476,
    46502.85154626611,
    46801.50611304988,
    47100.82862052728,
    47400.83223597606,
    47701.52808569617,
    48002.92526511566,
    48305.031559533825,
    48602.53515994184,
    48900.736225220644,
    49204.98454881032,
    49504.611116069624,
    49804.954718185036,
    50100.62336334726,
    50401.933405609605,
    50703.34836377235,
    51004.89422854714,
    51301.20688506256,
    51603.08490627394,
    51905.16522964648,
    52202.069521067395,
    52504.61515651063,
    52802.01652484379,
    53105.1077533365,
    53403.08253403819,
    53701.36802578201,
    54005.41339597478,
    54304.3763181834,
    54603.69883923867,
    54903.3983060159,
    55203.490036109346,
    55503.990560756174,
    55804.91611847317,
    56100.79466664073,
    56402.594972253544,
    56704.85248278145,
    57002.069402569534,
    57305.26397132246,
    57603.4207734575,
    57902.05777227577,
    58201.18470116316,
    58500.81475704879,
    58800.95829262088,
    59101.62174144323,
    59402.81097782026,
    59704.53383909092,
    60001.19593491844,
    60304.00097267303,
    60601.74687632559,
    60900.042403435815,
    61204.53669574768,
    61503.95874378852,
    61803.94816323861,
    62104.511041953774,
    62405.65337564943,
    62701.68297836979,
    63003.99216969674,
    63301.18020899411,
    63604.68510335075,
    63903.05970139937,
    64202.030325658394,
    64501.6023569054,
    64801.78138926253,
    65102.57290617191,
    65403.98245479052,
    65700.20128027313,
    66002.85187140547,
    66300.30068094186,
    66604.2181783488,
    66902.92014984754,
    67202.2495800261,
    67502.21071407948,
    67802.8076066844,
    68104.04423529707,
    68405.92451416072,
    68702.51406390779,
    69005.68008315371,
    69303.53738706354,
    69602.02786074672,
    69901.15497097731,
    70200.9220709915,
    70501.33240752677,
    70802.37588650467,
    71104.04280429918,
    71400.28621324175,
    71703.20301892713,
    72000.68030277926,
    72304.86324867154,
    72603.5890586221,
    72902.95239526125,
    73202.96647981908,
    73503.63130647571,
    73804.94494277152,
    74100.73689290014,
    74403.33069072869,
    74700.37466793905,
    75004.24490997217,
    75302.53812809098,
    75601.44930212735,
    75900.97894015358,
    76201.12830356011,
    76501.89816238756,
    76803.28855341139,
    77105.29935949588,
    77401.6194567476,
    77704.85839320853,
    78002.38168850174,
    78300.5012803083,
    78605.58017290942,
    78904.90761567451,
    79204.83404276997,
    79505.36036431885,
    79800.0742290633,
    80101.79023435141,
    80404.10901113653,
    80700.58022735923,
    81004.09510153986,
    81301.73929248346,
    81606.45511534206,
    81905.27723441014,
    82204.6839896254,
    82504.67680443262,
    82805.25723107044,
    83106.42700888262,
    83401.62165753354,
    83703.96274679333,
    84000.3066071789,
    84303.82562268262,
    84601.32474481469,
    84906.02768305382,
    85204.68871525678,
    85503.92628148367,
    85803.74104015168,
    86104.13449334116,
    86400.000000001
  ],
  "gauge_names": [
    "vandiperiyar",
    "neriamangalam",
    "kalady",
    "aluva",
    "varappuzha",
    "dam_toe"
  ],
  "gauge_dt": 60.0
}