{
  "duration": 86400.0,
  "dx": 90.0,
  "steps": 42132,
  "wall_s": 57.76328158378601,
  "ledger": {
    "initial": 562833933.1726111,
    "injected": 380071588.86804956,
    "drained": 379688564.0484076,
    "sink": 0.0,
    "boundary": 11054784.279889537,
    "clipped": 0.0
  },
  "ledger_error": 1.8964141172826957e-15,
  "storage_final": 552162173.7123653,
  "sink_total": 305642490.92507094,
  "sink_first_arrival_s": 18946.72585597522,
  "snap_times": [
    1.9789025593161518,
    300.82390675232097,
    601.076171551499,
    900.1707207704021,
    1200.6412725474588,
    1500.2099968273963,
    1800.5202453392887,
    2100.052781356764,
    2400.745524354948,
    2700.7071788742237,
    3000.0779245632934,
    3300.1653509235966,
    3600.607490321757,
    3900.7129896548217,
    4200.919664861628,
    4500.090385435315,
    4801.216176552546,
    5100.213391607995,
    5400.024505153536,
    5700.835393147229,
    6001.3120795380155,
    6300.054794363984,
    6600.113564519859,
    6900.103216827452,
    7200.050041996228,
    7500.004380920975,
    7800.039300898607,
    8100.225333859699,
    8400.630435296776,
    8701.284925598646,
    9000.652541816818,
    9300.362199887391,
    9600.426656680906,
    9900.94448670944,
    10200.432055201858,
    10500.63441152654,
    10800.426033860038,
    11100.83687204612,
    11400.133212324588,
    11700.102638291308,
    12000.780381824148,
    12300.351678716675,
    12600.602697033391,
    12901.532325294786,
    13201.254838475525,
    13501.577974761914,
    13800.602893990661,
    14100.188736110113,
    14400.273428310702,
    14700.365013135885,
    15000.384375269989,
    15300.336782666976,
    15601.588516526666,
    15900.576110897046,
    16200.836545417764,
    16500.94946902141,
    16801.304858954823,
    17100.15849501313,
    17401.44275438723,
    17701.539827312783,
    18000.606469443315,
    18300.644611951906,
    18601.774776305796,
    18900.40463940249,
    19200.359688836295,
    19501.739806719655,
    19800.94765028062,
    20101.768749219482,
    20400.597749038152,
    20701.20393981076,
    21001.81713210036,
    21300.66190288638,
    21601.492235880643,
    21900.67670280236,
    22200.11580420979,
    22501.71255020029,
    22801.81531573553,
    23100.46291153369,
    23401.40788593164,
    23700.974789099622,
    24001.058548441706,
    24301.695622913365,
    24601.046586637793,
    24901.008429683494,
    25201.611370348124,
    25500.99915102658,
    25801.075608136296,
    26101.867295561897,
    26401.500875169415,
    26701.890724989127,
    27001.15051880068,
    27301.200130099976,
    27600.140336124365,
    27901.821567112096,
    28200.489606876075,
    28500.00073408907,
    28800.370772062455,
    29101.616559799048,
    29401.45747996013,
    29701.290890548178,
    30001.1094527484,
    30300.94382279543,
    30600.823458741103,
    30900.77661234095,
    31200.830163717575,
    31501.01006124017,
    31801.341845711704,
    32101.850187446773,
    32400.6056211403,
    32701.535724854184,
    33000.74921805283,
    33300.21588031863,
    33601.91161337619,
    33901.937545393426,
    34200.311612601465,
    34500.98359131501,
    34800.0412113333,
    35101.43669366819,
    35401.247605111326,
    35701.45695436223,
    36000.09862507484,
    36301.14528729998,
    36600.64681326898,
    36900.59396296128,
    37200.999170425486,
    37501.87466990443,
    37801.234170342796,
    38101.07922347096,
    38401.42505675022,
    38700.273315148224,
    39001.64183512916,
    39301.51717598658,
    39601.91247915492,
    39900.81414128068,
    40200.24191879733,
    40500.20045478409,
    40800.69485135224,
    41101.73274618928,
    41401.29013191851,
    41701.414113457366,
    42000.07022656456,
    42301.36279295683,
    42601.20279779825,
    42901.64589748743,
    43200.65528978056,
    43500.30156119716,
    43800.595547998615,
    44101.55274943704,
    44401.107130840865,
    44701.3497894163,
    45000.20619546031,
    45301.87922812433,
    45600.10065849802,
    45901.19445076571,
    46201.031909152625,
    46501.849586668,
    46801.55181560934,
    47100.13682537552,
    47401.88823453278,
    47700.391410324395,
    48001.66392833691,
    48301.17167737544,
    48601.0769428158,
    48901.39110209926,
    49202.12406258837,
    49501.11676665365,
    49800.54089695875,
    50100.40800708805,
    50400.72729343703,
    50701.50784510114,
    51000.57477924819,
    51300.1151932807,
    51600.13536759418,
    51900.64300234073,
    52201.64666463666,
    52500.952149852295,
    52800.76201152491,
    53101.081975568326,
    53401.9156529529,
    53701.05170890642,
    54000.70724563226,
    54300.88813202705,
    54601.59949050445,
    54900.613115205306,
    55200.15585555209,
    55500.231695119364,
    55800.84351745828,
    56101.99645401355,
    56401.44254554122,
    56701.42940632417,
    57001.96077975125,
    57300.773534074935,
    57600.12683560282,
    57900.02050346303,
    58200.453256674344,
    58501.42426885973,
    58800.6455139131,
    59100.39943554681,
    59400.68996818243,
    59701.52044380383,
    60000.59551190979,
    60300.22018084852,
    60600.40480747222,
    60901.157876520876,
    61200.17026112332,
    61502.089987125895,
    61802.286147543055,
    62100.75507106174,
    62402.17370838887,
    62701.88244297781,
    63002.26853001085,
    63300.999319792165,
    63600.432045156624,
    63900.575966219876,
    64201.439605379805,
    64500.65152004511,
    64800.58603276576,
    65101.24942558698,
    65400.2532357222,
    65702.38819563248,
    66000.45866630957,
    66301.67395442359,
    66601.22115917281,
    66901.5179228498,
    67200.1425618353,
    67501.9609388319,
    67802.11327517893,
    68100.58830473083,
    68402.2841468435,
    68702.3078433549,
    69000.64897848398,
    69302.24332172897,
    69602.15187913072,
    69900.36241255935,
    70201.84995211486,
    70501.63356228638,
    70802.20410793783,
    71101.04803018144,
    71400.66935512061,
    71701.07006866972,
    72002.25121244662,
    72301.67293226717,
    72601.86338531195,
    72900.26839868455,
    73201.99129256974,
    73501.92149968528,
    73800.04421821891,
    74101.50779708884,
    74401.16741551497,
    74701.60402144148,
    75000.21839570136,
    75302.21461003224,
    75602.38718807242,
    75900.7179381735,
    76202.44558464596,
    76502.32938660978,
    76800.35048496496,
    77101.7851097081,
    77401.34770481178,
    77701.68233960062,
    78000.12576839956,
    78302.01033976475,
    78601.99580885281,
    78900.06538551908,
    79201.59261938519,
    79501.19651149705,
    79801.57072457539,
    80100.00261727649,
    80401.92149161258,
    80701.89072523668,
    81002.63105508471,
    81301.40251927292,
    81600.9386764198,
    81901.24294904184,
    82202.31791301868,
    82501.39293577838,
    82801.22874930695,
    83101.82752547196,
    83400.39766517161,
    83702.52293613079,
    84002.61249563922,
    84300.64997395349,
    84602.26262185347,
    84901.5735076576,
    85201.23089636586,
    85501.23459816739,
    85801.58462244252,
    86102.28036566197,
    86400.000000001
  ],
  "gauge_names": [
    "vandiperiyar",
    "neriamangalam",
    "kalady",
    "aluva",
    "varappuzha",
    "dam_toe",
    "idukki_pool"
  ],
  "gauge_dt": 60.0
}