{
  "duration": 86400.0,
  "dx": 90.0,
  "steps": 50592,
  "wall_s": 189.98840069770813,
  "ledger": {
    "initial": 562833933.1726111,
    "injected": 1839935534.0513003,
    "drained": 608285985.306176,
    "sink": 0.0,
    "boundary": 40625759.53459498,
    "clipped": 0.0
  },
  "ledger_error": 4.5644223419166035e-15,
  "storage_final": 1753857722.3831513,
  "sink_total": 72449009.31054717,
  "sink_first_arrival_s": 24628.59217959949,
  "snap_times": [
    1.9789025593161518,
    300.7932433753973,
    601.5875783596757,
    900.4080632551928,
    1201.2548168617227,
    1500.316889657677,
    1801.614380134836,
    2101.2254196932513,
    2401.159783797588,
    2701.446061191316,
    3000.1249874628325,
    3301.2201233557057,
    3600.794491265524,
    3900.902852581428,
    4201.619992960665,
    4501.021855696224,
    4801.921654695126,
    5100.156569981906,
    5401.194109617162,
    5701.453407542768,
    6000.157420513072,
    6301.427086700027,
    6600.374103138246,
    6900.6267408315325,
    7200.499000309663,
    7500.58293755221,
    7801.362741535144,
    8100.123100222564,
    8400.277110429408,
    8700.781506747651,
    9000.656966593222,
    9300.92535912216,
    9600.027165639203,
    9901.118530388929,
    10200.035115474535,
    10500.470459876318,
    10800.20041530416,
    11101.134430145994,
    11400.77338412543,
    11700.825889627038,
    12000.056213820559,
    12300.133245263654,
    12601.251620374227,
    12900.534610742692,
    13201.054882698543,
    13501.424131624663,
    13800.167193366111,
    14100.468729115113,
    14400.866446767774,
    14701.40610643714,
    15000.560487992563,
    15301.606699264037,
    15601.310677999867,
    15901.39423997617,
    16200.372599091997,
    16500.013533369864,
    16801.44550465473,
    17101.739350268283,
    17400.87922335013,
    17700.655014257336,
    18001.104028893424,
    18300.419135592172,
    18600.387505091418,
    18901.012288386843,
    19200.41468362865,
    19500.401154506373,
    19800.963095703784,
    20100.197208377667,
    20401.901758141783,
    20701.88517087657,
    21001.77220737013,
    21301.56351458323,
    21600.63415951387,
    21900.887983107623,
    22200.920843244214,
    22501.121690306125,
    22801.632585153176,
    23100.72931593957,
    23400.45514696129,
    23700.94539729063,
    24000.470116669865,
    24301.02078260784,
    24600.860841671743,
    24900.111205113662,
    25200.726390102704,
    25500.9596987459,
    25800.90675608746,
    26100.656592170664,
    26400.292313789025,
    26701.72931593803,
    27001.36389471747,
    27301.101128802045,
    27600.7211421528,
    27900.547105762413,
    28201.199762317643,
    28500.296759073066,
    28800.148011587386,
    29100.136765132247,
    29400.283590797157,
    29700.01685408944,
    30000.31038432526,
    30300.844139890145,
    30600.616034697607,
    30900.027035637097,
    31200.722126555385,
    31500.524671732273,
    31800.08090417909,
    32100.083784255447,
    32400.253681814618,
    32700.57976426588,
    33000.475547756934,
    33300.40880645522,
    33600.03041231782,
    33900.57630899939,
    34200.47882429546,
    34500.188546838144,
    34800.582754685696,
    35100.74483421998,
    35400.420566986926,
    35700.323129626806,
    36000.20587587323,
    36300.32715074388,
    36600.862281766254,
    36900.61062963865,
    37200.68845244989,
    37500.71016275475,
    37800.83556419253,
    38100.9848097062,
    38400.63914463709,
    38700.90190559115,
    39000.52811190799,
    39300.53718221054,
    39601.157624777545,
    39900.606467364094,
    40200.04400300281,
    40501.29260498802,
    40800.68430878422,
    41101.16893675285,
    41400.833532752746,
    41700.28161132992,
    42000.768041260206,
    42300.87998067423,
    42601.73845077153,
    42901.602394603986,
    43201.478069711455,
    43500.40476470128,
    43800.017460926,
    44101.61397509451,
    44401.61519632923,
    44701.31698258064,
    45000.66343149199,
    45301.579417444365,
    45600.02948009414,
    45901.92811040281,
    46201.240716365246,
    46501.94105530691,
    46801.89066139125,
    47100.463737449856,
    47401.62171350332,
    47701.31053213102,
    48001.57818304738,
    48300.38859650025,
    48601.84709526149,
    48901.86260044408,
    49200.43101681332,
    49501.70280804281,
    49801.56030757035,
    50100.00322364743,
    50401.19218843604,
    50700.99033690022,
    51001.49003411711,
    51300.616879873734,
    51600.47878166332,
    51901.10279872896,
    52200.420674992805,
    52500.67316861313,
    52801.93063970697,
    53102.08579284192,
    53401.136553666576,
    53701.2277573715,
    54000.226747183966,
    54300.190795817514,
    54600.61857886097,
    54901.442248224295,
    55200.501537732605,
    55502.139282117,
    55802.02620076294,
    56100.165073211305,
    56400.91847402981,
    56702.11923432049,
    57001.58687757296,
    57301.51027573636,
    57601.89797898599,
    57900.55965958229,
    58201.89449662712,
    58501.51187251143,
    58801.61717989679,
    59100.00488670727,
    59401.10091275655,
    59700.483084282896,
    60000.37175025311,
    60300.77377380968,
    60601.69559650763,
    60900.907805956056,
    61200.642455694004,
    61500.90660138009,
    61801.70689574439,
    62100.797506099225,
    62400.426038511534,
    62700.592412400896,
    63001.29660915222,
    63300.26928386505,
    63602.04538954471,
    63902.09289262631,
    64200.40421747269,
    64501.54059196933,
    64800.94996079586,
    65100.92571915022,
    65401.485845453615,
    65700.34559928632,
    66002.14484359564,
    66300.02079030723,
    66600.89831798401,
    66900.15850004811,
    67200.12410063615,
    67500.80449092304,
    67802.2104629333,
    68102.01610413172,
    68400.21543511045,
    68701.51592552644,
    69001.22519586881,
    69301.70852391937,
    69600.60066737713,
    69900.27232984695,
    70200.73267946584,
    70501.99210654905,
    70801.66254151434,
    71102.14228714748,
    71401.02498824008,
    71700.72148491141,
    72001.24114841016,
    72300.16432272617,
    72602.36355971551,
    72900.53492228266,
    73202.01179511275,
    73501.90095048469,
    73800.19097374394,
    74101.81677459448,
    74401.83807210975,
    74700.23863513612,
    75001.99882832936,
    75302.13779277798,
    75600.63964058059,
    75900.00719889895,
    76200.24533424735,
    76501.35903732739,
    76800.81111328796,
    77101.129851628,
    77402.32018803366,
    77701.82470565473,
    78002.20047098838,
    78300.87431408487,
    78600.42199352737,
    78900.85927025485,
    79202.19013253825,
    79501.81136773153,
    79802.32365266669,
    80101.1093650717,
    80400.78734576542,
    80701.36286171312,
    81000.18975486328,
    81302.56076210878,
    81600.512575276,
    81902.01831050187,
    82201.74607720524,
    82502.3641032812,
    82801.18238695896,
    83100.88441156705,
    83401.4741281334,
    83700.23798935415,
    84002.61419120061,
    84300.42307301484,
    84601.8550787095,
    84901.43781762115,
    85201.91428097301,
    85500.52170509456,
    85800.01906188324,
    86100.41174949503,
    86400.000000001
  ],
  "gauge_names": [
    "vandiperiyar",
    "neriamangalam",
    "kalady",
    "aluva",
    "varappuzha",
    "dam_toe",
    "idukki_pool"
  ],
  "gauge_dt": 60.0
}