{
  "duration": 86400.0,
  "dx": 90.0,
  "steps": 50462,
  "wall_s": 160.01824808120728,
  "ledger": {
    "initial": 380000000.0000036,
    "injected": 1839946339.1243536,
    "drained": 379561032.3399683,
    "sink": 307234051.9203077,
    "boundary": 40267591.40975498,
    "clipped": 0.0
  },
  "ledger_error": 7.51788466368622e-16,
  "storage_final": 1492883663.454328,
  "sink_total": 307234051.9203077,
  "sink_first_arrival_s": 24480.63212882444,
  "snap_times": [
    1.9789025593161518,
    300.7932433753973,
    601.5875783596757,
    900.4080632551928,
    1201.2548168617227,
    1500.316889657677,
    1801.614380134836,
    2101.2254196932513,
    2401.159783797588,
    2701.446061191316,
    3000.1249874628325,
    3301.2201233557057,
    3600.794491265524,
    3900.902852581428,
    4201.619992960665,
    4501.021855696224,
    4801.921654695126,
    5100.156569981906,
    5401.194109617162,
    5701.453407542768,
    6000.157420513072,
    6301.427086700027,
    6600.374103138246,
    6900.6267408315325,
    7200.499000309663,
    7500.58293755221,
    7801.362741535144,
    8100.123100222564,
    8400.277110429408,
    8700.781506747651,
    9000.656966593222,
    9300.92535912216,
    9600.027165639203,
    9901.118530388929,
    10200.035115474535,
    10500.470459876318,
    10800.20041530416,
    11101.134430145994,
    11400.77338412543,
    11700.825889627038,
    12000.056213820559,
    12300.133245263654,
    12601.251620374227,
    12900.534610742692,
    13201.054882698543,
    13501.424131624663,
    13800.167193366111,
    14100.468729115113,
    14400.866446767774,
    14701.40610643714,
    15000.560487992563,
    15301.606699264037,
    15601.310677999867,
    15901.39423997617,
    16200.372599091997,
    16500.013533369864,
    16801.44550465473,
    17101.739350268283,
    17400.87922335013,
    17700.655014257336,
    18001.104028893424,
    18300.419135592172,
    18600.387505091418,
    18901.012288386843,
    19200.41468362865,
    19500.401154506373,
    19800.963095703784,
    20100.197208377667,
    20401.901758141783,
    20701.88517087657,
    21001.77220737013,
    21301.56351458323,
    21600.63415951387,
    21900.887983107623,
    22200.920843244214,
    22501.121690306125,
    22801.632585153176,
    23100.72931593957,
    23400.45514696129,
    23700.94539729063,
    24000.470116669865,
    24301.02078260784,
    24600.860841671743,
    24900.111205113662,
    25200.726390102704,
    25500.9596987459,
    25800.90675608746,
    26100.656592170664,
    26400.292313789025,
    26701.72931593803,
    27001.36389471747,
    27301.101128802045,
    27600.04568632045,
    27901.285660240166,
    28200.035185372573,
    28500.346461357716,
    28800.625261935875,
    29100.682329850573,
    29400.17004758385,
    29700.14846057562,
    30000.535928283174,
    30300.63883254216,
    30600.553068720925,
    30900.358686493946,
    31200.046757854998,
    31500.142210629667,
    31800.258791948123,
    32100.306244981057,
    32400.609718579355,
    32700.28517898905,
    33000.49534140265,
    33300.20320863315,
    33600.602063757375,
    33900.34992858763,
    34200.53070874394,
    34500.321722080684,
    34800.71053596255,
    35100.65518822057,
    35400.49522433888,
    35700.67095139395,
    36000.497065365205,
    36300.31909749287,
    36600.519104391264,
    36900.20157972387,
    37200.51304092113,
    37500.63304904967,
    37800.02920800901,
    38100.47759059291,
    38400.04338353337,
    38700.86824729025,
    39000.93292695438,
    39300.74896242952,
    39600.55190320256,
    39900.88165154633,
    40200.61247394391,
    40500.893986937575,
    40800.226550641535,
    41100.34493721188,
    41400.46604734223,
    41700.96655420679,
    42000.01419970857,
    42300.870959339874,
    42600.45310257935,
    42900.39617554532,
    43200.87075506839,
    43500.27956584952,
    43801.503676303946,
    44101.795527034694,
    44400.24220981801,
    44701.36387643348,
    45000.34599176645,
    45300.91817588266,
    45601.07553103685,
    45900.7516536903,
    46201.87513819326,
    46500.4045850694,
    46800.30130706583,
    47101.55321056084,
    47400.08948963195,
    47701.939846668334,
    48000.41999438541,
    48301.54904689879,
    48601.23874764456,
    48901.54285354916,
    49200.42512120597,
    49502.03201278026,
    49800.16991396604,
    50101.0600481522,
    50400.57030748243,
    50700.79372188987,
    51001.750849084056,
    51301.37066209216,
    51601.774219483545,
    51900.96106357879,
    52201.13768660741,
    52500.20834357617,
    52800.324014546015,
    53101.50655838728,
    53401.62864938426,
    53700.6937582763,
    54000.85929289894,
    54302.14139614626,
    54600.2067986069,
    54901.590926253055,
    55201.94215762221,
    55501.24880901386,
    55801.711402038956,
    56101.11981672465,
    56401.69202260136,
    56701.19836638842,
    57001.877031394346,
    57301.500240492554,
    57600.069669563934,
    57902.137473965275,
    58200.88867598439,
    58500.464097131575,
    58800.71670492875,
    59101.65043377024,
    59400.963894820154,
    59700.95148731808,
    60001.617445666285,
    60300.65042662601,
    60600.3843213083,
    60900.82928537396,
    61201.989332990925,
    61501.518083432355,
    61801.74875674949,
    62100.32893053543,
    62401.962256411774,
    62701.93720369247,
    63000.23547471122,
    63301.59105295361,
    63601.25130482899,
    63901.58048647793,
    64200.18822562908,
    64501.85550834038,
    64801.79412170043,
    65102.398521677314,
    65401.263978785464,
    65700.8106305805,
    66001.05722021157,
    66302.01639108194,
    66601.26023510688,
    66901.22500308599,
    67201.93859749137,
    67500.99207835596,
    67800.85097205342,
    68101.53029945499,
    68400.57679869364,
    68700.49568508643,
    69001.3005455762,
    69300.5066721075,
    69600.59537604087,
    69901.56680247084,
    70200.9083799888,
    70501.13079691853,
    70802.23340232596,
    71101.6759288392,
    71401.98503005797,
    71700.60706049371,
    72000.08760695753,
    72300.43157854461,
    72601.64512234434,
    72901.14910220786,
    73201.51854457112,
    73500.1535751317,
    73802.24878416976,
    74102.5905650523,
    74401.1482457831,
    74700.52648058836,
    75000.72261310993,
    75301.73778152825,
    75600.91755499902,
    75900.8953630297,
    76201.67117062204,
    76500.57439774106,
    76800.2664692726,
    77100.75210610016,
    77402.0344190984,
    77701.41585796347,
    78001.5811009294,
    78302.53274284878,
    78601.55514320054,
    78901.35724168319,
    79201.93745126597,
    79500.55597750428,
    79802.69578278193,
    80100.1103610497,
    80401.05687106524,
    80700.0163013999,
    81002.5298018436,
    81300.26269059126,
    81601.55905694907,
    81900.84152952311,
    82200.89806924366,
    82501.7345162462,
    82800.53681738237,
    83100.11588471009,
    83400.47566147789,
    83701.6187831749,
    84000.69897951232,
    84300.56031060779,
    84601.20995978167,
    84902.66580177753,
    85202.04938771337,
    85502.23149505263,
    85800.31885810744,
    86102.1009368325,
    86400.000000001
  ],
  "gauge_names": [
    "vandiperiyar",
    "neriamangalam",
    "kalady",
    "aluva",
    "varappuzha",
    "dam_toe"
  ],
  "gauge_dt": 60.0
}