{
  "scenario": "sudden_152",
  "res": 90,
  "breach": {
    "name": "mullaperiyar_152ft_sudden",
    "b_avg": 121.89999999999999,
    "t_form": 0.0,
    "q_peak": 65286.60925235698,
    "t_peak": 0.0,
    "volume": 443000000.0,
    "head": 46.3
  },
  "wse": 887.3588636843942,
  "gauges": {
    "vandiperiyar": [
      9.56930117524814,
      77.08919931099545
    ],
    "neriamangalam": [
      10.053503206060908,
      76.78276027852154
    ],
    "kalady": [
      10.166671255439713,
      76.43678891347017
    ],
    "aluva": [
      10.106832109656178,
      76.34700693103706
    ],
    "varappuzha": [
      10.06971622998256,
      76.26637749287696
    ],
    "dam_toe": [
      9.528368713691027,
      77.13156468161974
    ],
    "idukki_pool": [
      9.819938271000968,
      76.93982164734075
    ]
  },
  "result": {
    "duration": 86400.0,
    "dx": 90.0,
    "steps": 50858,
    "wall_s": 228.8201184272766,
    "ledger": {
      "initial": 625833933.1726111,
      "injected": 1902966370.8534513,
      "drained": 678183657.4097129,
      "sink": 0.0,
      "boundary": 56134603.256604426,
      "clipped": 0.0
    },
    "ledger_error": -2.8284389881080773e-16,
    "storage_final": 1794482043.3597445,
    "sink_total": 146894682.77957153,
    "sink_first_arrival_s": 16684.003817214892,
    "snap_times": [
      1.912783680683271,
      301.026675564289,
      600.1999469943879,
      901.2620008039261,
      1200.948102662547,
      1500.6916651080255,
      1800.677726177468,
      2100.480063171497,
      2400.5991293989046,
      2700.570257800693,
      3000.0707370704145,
      3301.297441923336,
      3600.5795800945803,
      3900.938836782305,
      4201.183347271093,
      4500.066539935185,
      4800.489847208547,
      5101.165426847462,
      5400.757341815954,
      5700.749281674428,
      6001.233611554075,
      6300.832976895018,
      6601.052773207789,
      6900.505983933367,
      7200.704949882069,
      7500.212510629065,
      7800.58514896735,
      8100.368985508825,
      8401.136251063692,
      8701.386786458888,
      9001.15940654491,
      9300.46828880355,
      9600.91066754809,
      9900.891652474522,
      10200.410180686946,
      10501.217617753124,
      10800.163320447584,
      11100.599679465548,
      11400.980065379817,
      11701.448133459686,
      12000.46064360626,
      12301.254748535024,
      12600.671966813405,
      12900.341968998548,
      13200.304241327221,
      13500.573171454547,
      13801.130319325961,
      14100.160007136587,
      14401.280766355849,
      14700.091679913881,
      15001.416936456846,
      15300.099539048946,
      15601.746636748623,
      15901.240283057594,
      16200.574199313653,
      16500.028902268074,
      16800.082708500373,
      17100.832897676777,
      17400.642772062012,
      17701.341337012163,
      18001.316931742374,
      18300.676774455736,
      18601.22533442759,
      18901.34488652554,
      19201.127024770358,
      19500.656699836105,
      19800.89796953549,
      20100.407946306634,
      20401.256399030535,
      20700.358058559395,
      21001.059878465912,
      21300.622673412312,
      21600.65829117164,
      21900.849844320182,
      22200.842200978866,
      22500.52156087257,
      22800.32185383101,
      23100.45261986356,
      23400.735144318838,
      23700.729984722107,
      24000.048580085117,
      24300.668114570373,
      24600.298646297193,
      24900.18992701456,
      25200.568634654304,
      25500.465956337965,
      25800.5284992731,
      26100.010529888812,
      26400.63444929641,
      26700.642596297443,
      27000.329366902115,
      27300.134056540664,
      27600.127739170548,
      27900.23710958109,
      28200.722348197374,
      28500.31353526791,
      28800.518264366066,
      29100.417862214505,
      29400.43574977212,
      29700.64175921576,
      30000.953966234043,
      30300.904775195777,
      30600.627060504856,
      30901.086165665558,
      31200.008450405334,
      31500.956652909204,
      31800.10559169291,
      32100.961769646554,
      32401.325275090177,
      32701.257693940173,
      33001.21724494687,
      33300.97474568371,
      33600.62638724224,
      33900.86952278264,
      34201.57397309296,
      34500.46873211961,
      34800.2635045218,
      35101.54068247775,
      35400.541565392436,
      35701.06572368787,
      36000.242286391745,
      36301.84472662949,
      36600.22192196798,
      36901.042652155484,
      37200.52991973657,
      37500.57413900306,
      37801.17974638544,
      38100.449263871116,
      38400.2962014774,
      38700.736316196366,
      39001.78081641415,
      39301.51109379142,
      39601.846270115144,
      39900.85882421537,
      40200.4815968184,
      40500.71516172978,
      40801.55944490144,
      41101.07453662465,
      41401.217144510876,
      41700.036429293345,
      42001.43957058856,
      42301.5166368038,
      42600.26824036556,
      42901.63485816476,
      43201.68562229038,
      43500.4135587769,
      43801.78467086049,
      44101.847009814264,
      44400.59369126012,
      44700.01853940699,
      45000.1357481785,
      45300.955533256434,
      45600.48593034189,
      45900.76933013285,
      46201.8117134804,
      46501.591534285995,
      46800.10737253227,
      47101.43808312785,
      47401.5305735647,
      47700.395622377175,
      48000.11192944319,
      48300.72605723253,
      48600.35864885389,
      48901.126572459616,
      49200.96752606569,
      49501.960914334806,
      49801.61435037268,
      50101.814966539816,
      50400.47280860266,
      50701.80625472168,
      51001.61513424861,
      51302.012838019255,
      51600.88428173014,
      51900.351428927715,
      52200.416794622986,
      52501.08328968403,
      52800.217181962995,
      53102.096660989744,
      53400.29843318689,
      53701.260271905856,
      54000.69013341009,
      54300.74071222544,
      54601.416766455375,
      54900.55417191371,
      55200.31551693256,
      55500.7023013066,
      55801.71385697417,
      56101.16313654528,
      56401.23209966723,
      56701.92297035806,
      57001.037412177444,
      57300.76965263162,
      57601.11460940484,
      57902.06666796259,
      58201.40403322719,
      58501.33906052551,
      58801.87465637756,
      59100.78717317418,
      59400.31832176196,
      59700.48410935877,
      60001.34886164987,
      60300.730738479404,
      60600.886621408936,
      60901.82422839319,
      61201.28700813943,
      61501.55014841493,
      61800.34136448809,
      62102.23948271635,
      62400.39254628379,
      62701.68260789511,
      63001.528530431366,
      63302.241752898895,
      63601.504836342174,
      63901.63522081564,
      64200.30680256865,
      64502.19868899829,
      64800.287673670166,
      65101.61241255962,
      65401.47650206248,
      65702.24282474026,
      66001.55125816146,
      66301.79086540818,
      66600.5752522179,
      66900.29236029722,
      67200.95377247536,
      67500.14658147929,
      67800.27615532947,
      68101.34861229877,
      68400.9325228706,
      68701.45902653875,
      69000.47790042909,
      69300.43155867085,
      69601.32256952793,
      69900.67618361686,
      70200.954776915,
      70502.16401916556,
      70801.8112893616,
      71102.39134926935,
      71401.39902144858,
      71701.35566883093,
      72002.26675762613,
      72301.59903473195,
      72601.88428140277,
      72900.57537555866,
      73200.22402026893,
      73500.83466657362,
      73802.41003032419,
      74102.36661207322,
      74400.68585896576,
      74702.56029821072,
      75000.17494614831,
      75301.35641216258,
      75600.86941409999,
      75901.3323313669,
      76200.10345896876,
      76502.47716693107,
      76800.49053794218,
      77102.12252333347,
      77402.0419716087,
      77700.23014924387,
      78002.06682060701,
      78302.16725916922,
      78600.51055397678,
