{
  "scenario": "baseline_142",
  "res": 90,
  "breach": {
    "name": "mullaperiyar_142ft_froehlich_tf12min",
    "b_avg": 174.7245903529108,
    "t_form": 720.0,
    "q_peak": 77397.18140990671,
    "t_peak": 720.0,
    "volume": 380000000.0,
    "head": 43.3
  },
  "wse": 884.9862952050257,
  "gauges": {
    "vandiperiyar": [
      9.56930117524814,
      77.08919931099545
    ],
    "neriamangalam": [
      10.053503206060908,
      76.78276027852154
    ],
    "kalady": [
      10.166671255439713,
      76.43678891347017
    ],
    "aluva": [
      10.106832109656178,
      76.34700693103706
    ],
    "varappuzha": [
      10.06971622998256,
      76.26637749287696
    ],
    "dam_toe": [
      9.528368713691027,
      77.13156468161974
    ],
    "idukki_pool": [
      9.819938271000968,
      76.93982164734075
    ]
  },
  "result": {
    "duration": 86400.0,
    "dx": 90.0,
    "steps": 42325,
    "wall_s": 57.69854021072388,
    "ledger": {
      "initial": 562833933.1726111,
      "injected": 380071927.3827442,
      "drained": 379688530.2337039,
      "sink": 0.0,
      "boundary": 10227208.468922833,
      "clipped": 0.0
    },
    "ledger_error": -5.309957622051367e-15,
    "storage_final": 552990121.8527236,
    "sink_total": 311019290.3229177,
    "sink_first_arrival_s": 18200.100365062026,
    "snap_times": [
      1.9789025593161518,
      300.82390675232097,
      600.308451187104,
      901.2526060646863,
      1201.2791675577594,
      1501.1025888985316,
      1800.742532680227,
      2101.100436678498,
      2400.016170004947,
      2700.2002800114233,
      3000.392808177514,
      3300.1126568914806,
      3600.3436192803097,
      3900.3664287502806,
      4200.589166935054,
      4501.253309215162,
      4801.1309364886765,
      5100.352044227882,
      5400.48293442747,
      5700.227469480363,
      6001.108045635106,
      6300.349901131656,
      6600.978289666856,
      6900.072128385507,
      7200.6568793618,
      7501.332960616216,
      7800.620060832715,
      8100.123060833386,
      8401.45532829429,
      8701.550006748272,
      9000.429806994702,
      9301.33026563951,
      9601.040791999372,
      9901.398191645161,
      10200.831296056556,
      10501.152258680115,
      10801.039588557258,
      11101.60874218525,
      11401.133200121149,
      11701.396547966984,
      12000.612746189348,
      12300.542800624724,
      12601.19208516228,
      12900.69593216292,
      13200.837700937791,
      13501.606712013017,
      13801.107976782876,
      14101.216868352676,
      14401.67777588034,
      14700.170534301913,
      15000.547300172684,
      15301.455778005815,
      15601.49397284575,
      15900.795969573202,
      16201.520273200076,
      16500.136876270724,
      16800.62741715244,
      17101.307955952205,
      17400.529427563833,
      17700.33117309813,
      18000.871611361705,
      18300.515536969833,
      18601.396396583,
      18901.808292598733,
      19200.02696824502,
      19501.595084281784,
      19801.146213472843,
      20100.579026840234,
      20401.78367057678,
      20701.2022154673,
      21000.71547700919,
      21300.385420964467,
      21600.2698867352,
      21900.42266948932,
      22200.894224455245,
      22501.73184942983,
      22801.152779953496,
      23101.021262967024,
      23401.37584376725,
      23700.415808060425,
      24000.00369633408,
      24300.170639535732,
      24600.94550013745,
      24900.504230061375,
      25200.716311081575,
      25501.6037504411,
      25801.331450574686,
      26100.01952332708,
      26401.464696091025,
      26700.07003533745,
      27001.489852541763,
      27300.08998128881,
      27601.5591291971,
      27900.22673773453,
      28201.816955067716,
      28500.59138732036,
      28801.54940491821,
      29100.56187357186,
      29401.493413156764,
      29700.540574337174,
      30001.56614736057,
      30300.762372267047,
      30600.07053997407,
      30901.4340442318,
      31201.03813174732,
      31500.82492108554,
      31800.81617678014,
      32101.035882429973,
      32401.50814570297,
      32700.32593978138,
      33001.36562099029,
      33300.7879463204,
      33600.540700782185,
      33900.639823967176,
      34201.10179708532,
      34500.00231727468,
      34801.23590297654,
      35100.928959117606,
      35401.03698470102,
      35701.57310087842,
      36000.594228920185,
      36300.06401343143,
      36601.95934101355,
      36900.4017775396,
      37201.2819691364,
      37500.673200586316,
      37800.548318828456,
      38100.915830899736,
      38401.784856248734,
      38701.17656269087,
      39001.07541979308,
      39301.49477016037,
      39600.44762100626,
      39901.93274047179,
      40201.97183716157,
      40500.56445519618,
      40801.72589406952,
      41101.46201822835,
      41401.812941352044,
      41700.76048773111,
      42000.33114673606,
      42300.5392074671,
      42601.399548058165,
      42900.8854511672,
      43201.04252322317,
      43501.89044007131,
      43801.39716851416,
      44101.628721066714,
      44400.54870747616,
      44700.25320523807,
      45000.87416173261,
      45300.41935850016,
      45600.978910644226,
      45900.4816777086,
      46201.02046270158,
      46500.496607188325,
      46801.0405995925,
      47100.547324837695,
      47401.14506774831,
      47700.70592250459,
      48001.25033541695,
      48300.130289327564,
      48601.60057370182,
      48901.363390247825,
      49201.57928688988,
      49500.09497583387,
      49801.24652569267,
      50100.7096335151,
      50400.65947968979,
      50701.10738876875,
      51002.06216340947,
      51301.347062926725,
      51601.15142544125,
      51901.484400666915,
      52200.15549973901,
      52501.56455069189,
      52801.32025409385,
      53101.62731215227,
      53400.276388604725,
      53701.690535719026,
      54001.439122955395,
      54301.739411753646,
      54600.3593361677,
      54901.75762888098,
      55201.47173606707,
      55501.738864392464,
      55800.3158463514,
      56101.69569893196,
      56401.38354514762,
      56701.62680611286,
      57000.16138743281,
      57301.50828874896,
      57601.13670711928,
      57901.30902727333,
      58202.02582315802,
      58501.007090427214,
      58800.53413354232,
      59100.61309458851,
      59401.25527418937,
      59700.1703755743,
      60001.96576783377,
      60302.04584929316,
      60600.41084117198,
      60901.702240613435,
      61201.29223252803,
      61501.50540704355,
      61800.02119361109,
      62101.517000783104,
      62401.35843269575,
      62701.92168173281,
      63000.85665427182,
      63300.51599061177,
      63600.90645651467,
      63902.03615591023,
      64201.53104289851,
      64501.766342074035,
      64800.35802277862,
      65102.090980947854,
      65402.18305209795,
      65700.62543728293,
      66002.24390815607,
      66302.22128681612,
      66600.54920002361,
      66902.08824523813,
      67201.9809220646,
      67500.21853327997,
      67801.70225145135,
      68101.53368903347,
      68402.16457782751,
      68701.12589535923,
      69000.88423696162,
      69301.44062706194,
      69600.30314472524,
      69902.45370173857,
      70200.39242798,
      70501.62168888263,
      70801.12110178082,
      71101.3997210859,
      71402.45849205232,
      71701.75714471449,
      72001.8252996871,
      72300.11444222991,
      72601.73018009296,
      72901.56986143664,
      73202.19470425067,
      73501.03151978359,
      73800.6483787156,
      74101.05573174397,
      74402.25280272844,
      74701.63609847667,
      75001.804938241,
      75300.14466797629,
      75601.89032555363,
      75901.79651173603,
      76202.4865597778,
      76501.3170090941,
      76800.92592460517,
      77101.31589569063,
      77402.49107197275,
      77701.7803457086,
      78001.84858718545,
      78300.00992308417,
      78601.64189891792,
      78901.36202126848,
