{
  "duration": 86400.0,
  "dx": 180.0,
  "steps": 23250,
  "wall_s": 18.77132225036621,
  "ledger": {
    "initial": 414018538.59863484,
    "injected": 1839842579.0804975,
    "drained": 453667249.44902116,
    "sink": 0.0,
    "boundary": 12726230.668547094,
    "clipped": 0.0
  },
  "ledger_error": 5.289114250017968e-16,
  "storage_final": 1787467637.5615654,
  "sink_total": 137441802.19893768,
  "sink_first_arrival_s": 34330.5427702653,
  "snap_times": [
    4.650388227311204,
    302.27530557203136,
    604.5520642768736,
    902.1850576108027,
    1204.5013076634502,
    1502.262528145365,
    1800.190398460974,
    2103.000571380783,
    2401.4319266487073,
    2700.1949110590344,
    3004.0255989773464,
    3303.640773248718,
    3603.7868587579683,
    3904.553057134951,
    4201.327512436914,
    4502.841033364469,
    4800.98573901194,
    5101.894588932885,
    5402.54309406419,
    5700.060609415712,
    6003.062563415394,
    6300.174601141616,
    6600.089490585128,
    6900.286746053697,
    7201.344645519026,
    7500.236232547166,
    7800.716453013573,
    8103.08000465784,
    8401.250683926415,
    8702.25789845431,
    9003.054274005954,
    9301.311976459263,
    9601.62247138774,
    9901.589272179004,
    10200.300834594434,
    10502.215787986557,
    10802.257240986093,
    11101.114842946052,
    11402.383332953217,
    11700.264538283718,
    12001.327029918903,
    12302.63239290905,
    12601.016752495552,
    12903.024291035783,
    13202.116181077257,
    13501.575744524971,
    13801.476585580782,
    14101.986920736654,
    14402.98854268972,
    14701.061416229932,
    15003.559435858337,
    15303.215925760478,
    15603.606099149276,
    15901.141318760145,
    16203.513465061777,
    16502.952514624176,
    16803.24407198108,
    17100.24396677393,
    17401.820701090193,
    17703.755162620873,
    18001.716760410032,
    18303.639441882315,
    18603.172880452516,
    18900.075235034205,
    19203.00927563755,
    19503.37638707396,
    19801.164979256413,
    20100.777600553887,
    20402.276307539738,
    20701.110745885355,
    21001.36913495513,
    21303.097276081586,
    21601.835791760535,
    21902.13671798762,
    22204.06187427621,
    22503.072265605097,
    22803.77303462789,
    23101.535175390123,
    23401.0081157683,
    23702.231556104172,
    24000.502679790097,
    24300.556803489657,
    24602.43371594248,
    24901.337887832837,
    25202.09072122628,
    25504.741484553022,
    25804.399483709087,
    26101.008765240233,
    26404.491298756857,
    26704.48835570635,
    27003.73584852564,
    27302.01352158284,
    27604.390329430054,
    27901.061299168843,
    28202.015318397436,
    28502.39793732897,
    28802.2994486147,
    29101.799970400265,
    29400.97365630393,
    29704.788903870813,
    30003.514101250632,
    30302.119346011616,
    30600.668985242122,
    30904.11348616701,
    31202.719191820983,
    31501.43130062481,
    31800.29811716744,
    32104.269960190868,
    32403.585200455855,
    32703.186946318547,
    33003.11522394224,
    33303.40686574926,
    33604.0966351873,
    33900.27748148406,
    34201.8537116944,
    34503.92401930447,
    34801.55501586739,
    35104.69679272481,
    35403.436119835,
    35702.71027786215,
    36002.044741497215,
    36301.35639313262,
    36600.688732483686,
    36900.08286474897,
    37204.56957714137,
    37503.19591942334,
    37801.99822198242,
    38100.0577700397,
    38401.17327765588,
    38701.60018462676,
    39000.25929544836,
    39302.00984334694,
    39601.92555245305,
    39901.686949060626,
    40201.4253996363,
    40501.31642053829,
    40800.48314652062,
    41101.84018603552,
    41400.42113824757,
    41701.2055200617,
    42000.07943159524,
    42300.95303339451,
    42600.49148440191,
    42900.694799503435,
    43200.73598603802,
    43501.24193556979,
    43800.252995453615,
    44100.35853729617,
    44401.02934307606,
    44701.21655169369,
    45000.870976322,
    45300.204971190506,
    45601.55760286805,
    45901.031827099236,
    46200.92724912995,
    46500.442235898416,
    46800.70366283426,
    47100.38848395824,
    47401.216383734565,
    47700.44753115432,
    48000.424297239995,
    48302.24914807535,
    48600.93903973206,
    48902.290827697514,
    49201.7726509393,
    49501.10518391448,
    49801.13232312444,
    50100.32339871781,
    50400.51284936276,
    50701.02898385638,
    51000.180659872356,
    51301.578390687406,
    51601.68763466132,
    51900.029065183066,
    52200.442980755535,
    52501.87539005346,
    52800.56849779836,
    53100.32654003054,
    53401.18275762272,
    53703.16536163599,
    54002.48166339934,
    54302.97870422577,
    54600.81000772612,
    54903.745049266276,
    55200.15897694339,
    55501.75038575018,
    55800.720860214016,
    56100.98943285603,
    56402.54603145756,
    56701.39103728621,
    57001.48793073757,
    57302.841171682885,
    57601.41230334007,
    57901.20942061872,
    58202.23026734472,
    58500.38056033331,
    58803.82855716019,
    59100.1670862171,
    59401.575398789624,
    59703.92783374816,
    60003.06063749216,
    60303.118171332455,
    60604.134319264354,
    60901.923832851826,
    61200.67746151068,
    61500.40053513886,
    61801.10859865229,
    62102.81505689463,
    62401.2458549621,
    62700.70939263837,
    63001.30976832708,
    63303.04684967988,
    63601.57538919207,
    63901.1865381006,
    64201.88853522842,
    64503.66333929655,
    64802.10002653723,
    65101.550570805106,
    65402.01609108799,
    65703.49261533238,
    66001.52991179915,
    66300.54497823195,
    66600.52646097649,
    66901.44765574114,
    67203.29097583747,
    67501.52321880216,
    67800.6424309243,
    68100.64217689978,
    68401.52376124173,
    68703.29451527276,
    69001.36181213646,
    69300.28572642997,
    69600.06290180008,
    69900.70096355856,
    70202.2108296388,
    70504.58956684968,
    70803.16472156877,
    71102.58927998149,
    71402.89360880031,
    71704.07729677111,
    72001.42196270307,
    72304.37611069714,
    72603.47793004847,
    72903.46058557987,
    73204.33601818433,
    73501.32637719413,
    73804.19841670648,
    74103.39418415743,
    74403.6963173518,
    74700.23756742264,
    75002.7540647241,
    75301.49513568528,
    75601.33290095854,
    75902.27143325111,
    76204.31541249028,
    76502.49820792381,
    76801.77192295273,
    77101.84999372053,
    77401.9680875274,
    77702.08664010277,
    78002.20556011834,
    78302.32492235192,
    78602.44465196428,
    78902.5647197666,
    79202.68518118077,
    79502.80595433453,
    79802.92698908832,
    80103.04833583198,
    80403.17004294759,
    80703.29203556114,
    81003.41425998966,
    81303.53674700441,
    81603.65957032592,
    81903.78266259149,
    82203.90597435093,
    82504.02947135283,
    82804.15325386071,
    83104.27730751631,
    83404.40158214528,
    83704.52604109644,
    84004.650657457,
    84304.77543251497,
    84604.90049301196,
    84900.02370449154,
    85200.14920256023,
    85500.27486962524,
    85800.40068264892,
    86100.52662460877,
    86400.000000001
  ],
  "gauge_names": [
    "vandiperiyar",
    "neriamangalam",
    "kalady",
    "aluva",
    "varappuzha",
    "dam_toe",
    "idukki_pool"
  ],
  "gauge_dt": 60.0
}