{
  "scenario": "baseline_142",
  "res": 180,
  "breach": {
    "name": "mullaperiyar_142ft_froehlich",
    "b_avg": 174.7245903529108,
    "t_form": 9084.195594003128,
    "q_peak": 50539.711872203094,
    "t_peak": 9084.0,
    "volume": 380000000.0,
    "head": 43.3
  },
  "wse": 888.539480771437,
  "gauges": {
    "vandiperiyar": [
      9.568911685491138,
      77.086328240813
    ],
    "neriamangalam": [
      10.053912222548398,
      76.78235204018408
    ],
    "kalady": [
      10.166266183472262,
      76.43637641391476
    ],
    "aluva": [
      10.111306219529,
      76.34743620050794
    ],
    "varappuzha": [
      10.067680136664954,
      76.26678014381608
    ],
    "dam_toe": [
      9.527959473879909,
      77.13197189441995
    ],
    "idukki_pool": [
      9.820342696379033,
      76.94023415721004
    ]
  },
  "result": {
    "duration": 86400.0,
    "dx": 180.0,
    "steps": 17691,
    "wall_s": 10.309836864471436,
    "ledger": {
      "initial": 380000000.000002,
      "injected": 379987058.9853222,
      "drained": 379157606.50916225,
      "sink": 0.0,
      "boundary": 9600181.898144182,
      "clipped": 0.0
    },
    "ledger_error": 3.9214249815628523e-16,
    "storage_final": 371229270.578018,
    "sink_total": 208088924.27086034,
    "sink_first_arrival_s": 34330.5427702653,
    "snap_times": [
      4.650388227311204,
      302.27530557203136,
      604.5520642768736,
      902.1850576108027,
      1204.5013076634502,
      1502.262528145365,
      1800.190398460974,
      2103.000571380783,
      2401.4319266487073,
      2700.1949110590344,
      3004.0255989773464,
      3303.640773248718,
      3603.7868587579683,
      3904.553057134951,
      4201.327512436914,
      4502.841033364469,
      4800.98573901194,
      5101.894588932885,
      5402.54309406419,
      5700.060609415712,
      6003.062563415394,
      6300.174601141616,
      6600.089490585128,
      6900.286746053697,
      7201.344645519026,
      7500.236232547166,
      7800.716453013573,
      8103.08000465784,
      8401.250683926415,
      8702.25789845431,
      9003.054274005954,
      9301.311976459263,
      9601.62247138774,
      9901.589272179004,
      10200.300834594434,
      10502.215787986557,
      10802.257240986093,
      11101.114842946052,
      11402.383332953217,
      11700.264538283718,
      12001.327029918903,
      12302.63239290905,
      12601.016752495552,
      12903.024291035783,
      13202.116181077257,
      13501.575744524971,
      13801.476585580782,
      14101.986920736654,
      14402.98854268972,
      14701.061416229932,
      15003.559435858337,
      15303.215925760478,
      15603.606099149276,
      15901.141318760145,
      16203.513465061777,
      16502.952514624176,
      16803.24407198108,
      17100.24396677393,
      17401.820701090193,
      17703.755162620873,
      18001.716760410032,
      18303.639441882315,
      18603.172880452516,
      18900.075235034205,
      19203.00927563755,
      19503.37638707396,
      19801.164979256413,
      20100.777600553887,
      20402.276307539738,
      20701.110745885355,
      21001.36913495513,
      21303.097276081586,
      21601.835791760535,
      21902.13671798762,
      22204.06187427621,
      22503.072265605097,
      22803.77303462789,
      23101.535175390123,
      23401.0081157683,
      23702.231556104172,
      24000.502679790097,
      24300.556803489657,
      24602.43371594248,
      24901.337887832837,
      25202.09072122628,
      25504.741484553022,
      25804.399483709087,
      26101.008765240233,
      26404.491298756857,
      26704.48835570635,
      27003.73584852564,
      27302.01352158284,
      27604.390329430054,
      27901.061299168843,
      28202.015318397436,
      28502.39793732897,
      28802.2994486147,
      29101.799970400265,
      29400.97365630393,
      29704.788903870813,
      30003.514101250632,
      30302.119346011616,
      30600.668985242122,
      30904.11348616701,
      31202.719191820983,
      31501.43130062481,
      31800.29811716744,
      32104.269960190868,
      32403.585200455855,
      32703.186946318547,
      33003.11522394224,
      33303.40686574926,
      33604.0966351873,
      33900.27748148406,
      34201.8537116944,
      34503.92401930447,
      34801.55501586739,
      35104.69679272481,
      35403.436119835,
      35702.71027786215,
      36002.044741497215,
      36301.35639313262,
      36600.688732483686,
      36900.08286474897,
      37204.56957714137,
      37504.20215343946,
      37804.0051287899,
      38104.01017257774,
      38404.246151880485,
      38704.73867294189,
      39000.49650472264,
      39301.56881657942,
      39602.96861854651,
      39904.71885650742,
      40201.80336527166,
      40504.31451435275,
      40802.186398857164,
      41100.47489858303,
      41404.2643446137,
      41703.44583304718,
      42003.09575329905,
      42303.23986886302,
      42603.909815388026,
      42900.00438283896,
      43201.74206175841,
      43504.034291119584,
      43801.75622083884,
      44100.03953409731,
      44404.05655880242,
      44703.51522101028,
      45003.575874993956,
      45304.25055431691,
      45600.35063902914,
      45902.276749235236,
      46204.85084446476,
      46502.85154626611,
      46801.50611304988,
      47100.82862052728,
      47400.83223597606,
      47701.52808569617,
      48002.92526511566,
      48305.031559533825,
      48602.53515994184,
      48900.736225220644,
      49204.98454881032,
      49504.611116069624,
      49804.954718185036,
      50100.33280822898,
      50401.137610771875,
      50702.02591365662,
      51003.02404849861,
      51304.15728931207,
      51600.06816960218,
      51901.54009817804,
      52203.21682627557,
      52505.11993088214,
      52801.87235705692,
      53104.28502085071,
      53401.57621359893,
      53704.574939393126,
      54002.47708045166,
      54300.70702661146,
      54604.71235144027,
      54903.65091351303,
      55202.96266183762,
      55502.66164290909,
      55802.76361028691,
      56103.28354624497,
      56404.2368718223,
      56700.15491237733,
      57002.007283493374,
      57304.32717122253,
      57601.61423721639,
      57904.88832706699,
      58203.1301450039,
      58501.85796105476,
      58801.08021212271,
      59100.80530594984,
      59401.04428986536,
      59701.805652508956,
      60003.09611375263,
      60304.92391357324,
      60601.697137597024,
      60904.62103918528,
      61202.48112403665,
      61500.88783675728,
      61805.493497788266,
      62105.02251677794,
      62405.116234882626,
      62700.10282375825,
      63001.33398906073,
      63303.14747274854,
      63605.54852295961,
      63902.82005256495,
      64200.66719466204,
      64504.83995630436,
      64803.8674919893,
      65103.48884486697,
      65403.70864200035,
      65704.53132532704,
      66000.15863143155,
      66302.18772696766,
      66604.83163058666,
      66902.25585921975,
      67200.2776338461,
      67504.76130400981,
      67803.99984260397,
      68103.84765815892,
      68404.30849838538,
      68705.3854297155,
      69001.15964169607,
      69303.46483861611,
      69600.4485803788,
      69903.99260549845,
      70202.19536303519,
      70501.00459732224,
      70800.42208796633,
      71100.44959670378,
      71401.08886601658,
      71702.34161621837,
      72004.20804391999,
      72300.61821917877,
      72603.66770491538,
      72901.23628886235,
      73205.47137881634,
      73504.19469626156,
      73802.72454818274,
      74100.59345102015,
      74403.87466633257,
      74700.45085617302,
      75002.4364951714,
      75303.78943393844,
      75604.52595611691,
      75904.648934514,
      76204.16208560634,
      76503.07401324781,
      76801.39458977859,
      77105.08165026973,
      77402.23504259049,
      77704.75113942978,
      78000.77663134401,
      78302.16176315887,
      78602.9898345539,
