{
  "duration": 86400.0,
  "dx": 90.0,
  "steps": 57398,
  "wall_s": 74.07926964759827,
  "ledger": {
    "initial": 562833933.1726111,
    "injected": 380073422.1233031,
    "drained": 379692087.87113386,
    "sink": 0.0,
    "boundary": 9261138.164879903,
    "clipped": 0.0
  },
  "ledger_error": -3.792820860328413e-16,
  "storage_final": 553954129.2599001,
  "sink_total": 254797221.17404938,
  "sink_first_arrival_s": 23246.092225214088,
  "snap_times": [
    1.9789025593161518,
    300.82390675232097,
    600.3663505136406,
    900.9191875232,
    1200.980125767565,
    1500.9386096634767,
    1800.0514816567363,
    2100.290978876162,
    2400.0902587604082,
    2700.539005985114,
    3000.199529290812,
    3300.140283301007,
    3600.01942471994,
    3901.041816943632,
    4200.832918909556,
    4500.887414628263,
    4800.084659196615,
    5101.125956475346,
    5400.269429400972,
    5700.198949205454,
    6001.018110682808,
    6300.185780585925,
    6600.389708423181,
    6900.339957779201,
    7200.110725813259,
    7501.131434491087,
    7800.7359756987335,
    8100.352215275302,
    8401.41038318175,
    8701.080131344403,
    9000.6343950204,
    9300.144846323661,
    9601.096423136509,
    9900.614611612791,
    10200.182393946927,
    10501.328710348587,
    10800.139980179069,
    11101.236144360892,
    11400.276423230629,
    11700.4149716215,
    12000.268816477756,
    12301.462717978819,
    12601.114860180209,
    12900.777871630198,
    13200.468617832725,
    13500.224895424617,
    13800.095094317565,
    14100.070759787457,
    14400.798436525918,
    14701.234420968995,
    15000.120931518424,
    15300.552703906917,
    15601.253959127624,
    15901.027013147286,
    16200.098869006422,
    16500.08098301647,
    16801.159381256435,
    17100.722815746678,
    17400.331920416033,
    17700.134018254783,
    18000.263738001704,
    18300.84785327931,
    18600.63954078454,
    18901.11100931945,
    19200.999725485297,
    19500.399344475605,
    19800.7476496989,
    20100.767078355788,
    20400.528378241608,
    20700.0964651352,
    21000.880812836585,
    21300.239952325162,
    21600.92266803622,
    21900.280144643144,
    22201.054128769876,
    22500.58861520345,
    22800.27056083343,
    23100.135642585108,
    23400.21711875437,
    23700.54628007469,
    24001.15239126076,
    24300.70673983927,
    24600.58843044448,
    24900.8219792135,
    25200.06895821567,
    25501.07136791948,
    25801.125124351976,
    26100.24269657764,
    26401.173315509543,
    26701.198300398777,
    27000.327081491116,
    27301.318961540543,
    27600.05983642676,
    27900.68820079608,
    28200.458324776933,
    28500.759460968602,
    28800.215192802432,
    29100.219322882607,
    29400.78222850763,
    29700.517614971337,
    30000.824552098184,
    30300.310357832393,
    30600.377304190075,
    30901.032650008205,
    31200.875049123162,
    31501.315714984794,
    31800.94677165113,
    32101.184144082352,
    32400.61445687393,
    32700.65869785108,
    33001.32287333829,
    33301.18336013616,
    33600.236952706924,
    33901.351977947495,
    34200.22882345888,
    34501.17861130843,
    34801.32678952281,
    35100.66895529407,
    35400.65015967176,
    35701.27329105704,
    36001.08473357531,
    36300.08148464209,
    36601.18559403017,
    36900.00448125535,
    37200.92748563674,
    37501.018459125,
    37800.26863864932,
    38100.14686992117,
    38400.6525135908,
    38700.29959529861,
    39000.56616513044,
    39301.453697254394,
    39601.46758751996,
    39900.598100076146,
    40200.33524571065,
    40500.677544938786,
    40800.11670374414,
    41100.151245172165,
    41400.779455362754,
    41700.48486604074,
    42000.77548712142,
    42300.12941524975,
    42600.060831430266,
    42900.56935330876,
    43200.124115625855,
    43500.24747183216,
    43800.938673181176,
    44100.658202688806,
    44400.93751361305,
    44700.22366231812,
    45001.529728823,
    45300.19924565496,
    45600.8692251152,
    45900.43874196225,
    46200.45432891844,
    46500.91415738954,
    46800.25649009574,
    47100.03582025974,
    47400.24988189157,
    47700.8960256732,
    48000.4022345582,
    48300.33045477159,
    48600.67794090823,
    48901.442619112575,
    49201.04379102276,
    49501.048635250016,
    49801.35944067878,
    50100.34335083543,
    50401.16181203579,
    50700.64632821367,
    51000.378117458546,
    51300.35389124213,
    51600.569648219716,
    51901.023547825476,
    52200.12216424873,
    52501.04570902922,
    52800.60837036055,
    53100.4006273616,
    53400.42178818232,
    53700.67072056493,
    54001.14567826812,
    54300.24513248468,
    54601.16705890448,
    54900.7087188242,
    55200.46856600812,
    55500.44492075836,
    55800.63629809029,
    56101.04123876274,
    56400.05006724943,
    56700.87646587341,
    57000.301528851356,
    57301.54324445178,
    57601.37822717147,
    57901.41542268846,
    58200.038618113795,
    58500.47450058047,
    58801.10803265044,
    59100.32019272183,
    59401.34371779192,
    59700.939984429744,
    60000.725136251334,
    60300.69742976359,
    60600.85508087958,
    60901.19612961227,
    61200.089464513614,
    61500.78050786833,
    61800.01893060361,
    62101.057418397606,
    62400.64174243572,
    62700.39892049453,
    63000.32855678166,
    63300.43005843302,
    63600.70312863722,
    63901.147517329904,
    64200.128442774985,
    64500.91337102074,
    64800.232060429706,
    65101.354898670346,
    65401.00805248377,
    65700.82732591548,
    66000.81255114826,
    66300.96340915597,
    66601.27934949708,
    66900.1182274255,
    67200.76296544763,
    67501.5700913309,
    67800.89263341385,
    68100.37218408888,
    68400.00686271877,
    68701.44322635994,
    69001.38611924772,
    69301.48155478205,
    69600.07874173805,
    69900.4766423454,
    70201.02519561922,
    70500.07061722109,
    70800.91633331873,
    71100.25634019703,
    71401.39792160106,
    71701.03089418897,
    72000.8088424904,
    72300.73116780267,
    72600.7972223031,
    72901.00635173706,
    73201.35794517513,
    73500.19097711302,
    73800.82619557304,
    74101.60262587784,
    74400.85630811016,
    74700.24784505316,
    75001.44052668812,
    75301.10511341285,
    75600.90405076288,
    75900.83602423826,
    76200.9004640529,
    76501.09602756973,
    76801.42197109193,
    77100.2081022821,
    77400.79216426249,
    77701.50463376459,
    78000.67312401337,
    78301.63959189602,
    78601.05927813702,
    78900.6032385167,
    79200.27082658697,
    79500.06137210374,
    79801.65005103932,
    80100.00872486022,
    80400.16428121769,
    80700.44034955303,
    81000.83645414072,
    81301.35218519645,
    81600.30730903053,
    81901.06040449467,
    82200.25064159952,
    82501.2393212001,
    82800.66304236503,
    83100.20250690359,
    83401.54102321024,
    83701.31116982242,
    84001.1956168083,
    84301.19388307011,
    84601.30547001629,
    84901.52996095436,
    85200.1793598871,
    85500.62785805244,
    85801.18809510584,
    86100.17016376634,
    86400.000000001
  ],
  "gauge_names": [
    "vandiperiyar",
    "neriamangalam",
    "kalady",
    "aluva",
    "varappuzha",
    "dam_toe",
    "idukki_pool"
  ],
  "gauge_dt": 60.0
}