{
  "duration": 86400.0,
  "dx": 90.0,
  "steps": 51006,
  "wall_s": 219.24731588363647,
  "ledger": {
    "initial": 625833933.1726111,
    "injected": 1902962315.3815813,
    "drained": 675623797.7300537,
    "sink": 0.0,
    "boundary": 54714107.638087034,
    "clipped": 0.0
  },
  "ledger_error": 8.485330572365717e-16,
  "storage_final": 1798458343.186054,
  "sink_total": 129925013.27711105,
  "sink_first_arrival_s": 18633.212309204315,
  "snap_times": [
    1.912783680683271,
    300.3536990741706,
    600.963099216302,
    900.9437093794634,
    1200.0466795965856,
    1501.2144294356015,
    1800.6964762315008,
    2101.094337866963,
    2400.5246498721663,
    2700.097990971521,
    3000.0271660712788,
    3301.123076702556,
    3601.147037041759,
    3900.4668950169967,
    4200.733147687841,
    4500.725688735811,
    4800.582828272665,
    5100.436116510265,
    5400.4039728686175,
    5700.588223214618,
    6001.078479921876,
    6300.4831771620275,
    6600.331522745524,
    6900.729642503921,
    7200.241349749298,
    7500.386406377818,
    7801.208583320841,
    8101.239384558106,
    8400.50200541422,
    8700.562188535458,
    9001.512454806287,
    9300.248345061864,
    9601.495464429812,
    9900.536974466462,
    10200.60339643005,
    10500.100236703676,
    10800.68174210472,
    11100.727422161284,
    11400.292907249004,
    11701.22394472884,
    12000.207961422951,
    12300.745036498476,
    12600.3796823273,
    12900.099487569098,
    13201.707516458862,
    13501.706907968104,
    13800.09718851035,
    14100.48598945286,
    14401.095245941864,
    14700.085069758707,
    15001.105862464472,
    15300.470849998223,
    15601.854185348764,
    15901.507455637719,
    16200.71002096242,
    16501.514529119173,
    16800.38476248113,
    17101.182453801204,
    17400.40102586606,
    17700.027451122594,
    18000.204127885856,
    18301.064583554024,
    18600.942898506022,
    18901.762392624503,
    19200.059941092877,
    19501.29978127587,
    19800.234003499216,
    20100.518803741958,
    20400.46386110496,
    20700.153774654886,
    21001.439577143516,
    21300.85101181512,
    21600.230209556543,
    21900.413289858523,
    22200.001872071294,
    22500.87594564197,
    22800.65404266534,
    23100.011124202454,
    23400.286963841703,
    23700.84549951767,
    24000.894292915134,
    24300.269576554918,
    24600.661791671737,
    24900.63654955643,
    25200.272675558856,
    25500.27196396901,
    25800.40715821306,
    26100.369859546772,
    26400.057963434654,
    26700.092310175503,
    27000.101214603943,
    27300.4486343831,
    27600.101227023202,
    27900.18552014376,
    28200.496678825737,
    28500.053059504127,
    28800.335372614605,
    29100.59419489027,
    29400.694112279645,
    29700.30213532434,
    30000.526598192064,
    30300.120569978146,
    30600.851561075564,
    30900.197974563664,
    31200.618893681465,
    31500.509511680848,
    31800.833103901296,
    32100.252098084813,
    32400.136338633896,
    32700.90688798595,
    33000.13804239565,
    33300.80570423155,
    33600.695427441984,
    33900.68452217849,
    34200.61613611072,
    34500.894097861594,
    34800.44835206069,
    35101.04048231771,
    35400.75427617561,
    35700.556698232715,
    36001.394941523184,
    36301.712199208596,
    36601.71548963892,
    36900.601707981376,
    37201.13843144914,
    37500.818691241446,
    37801.5734481389,
    38100.1450577508,
    38401.1809026942,
    38700.81393376266,
    39000.98023784983,
    39301.685633962275,
    39600.991631551864,
    39900.84323181562,
    40201.24282661749,
    40500.23650175664,
    40801.73984190787,
    41101.850217436164,
    41400.57510857135,
    41701.85570692481,
    42001.76333582669,
    42300.29174440904,
    42601.405361301964,
    42901.146322192515,
    43201.49905007175,
    43500.47387547658,
    43800.06122587712,
    44100.27187836106,
    44401.112710259,
    44700.5711861811,
    45000.6501583901,
    45301.3534233129,
    45600.65837072507,
    45900.58127278456,
    46201.12448395952,
    46500.26225637045,
    46800.037618126094,
    47100.46324557335,
    47401.55297965665,
    47701.26282344446,
    48001.64701703817,
    48300.67320758704,
    48600.40642866686,
    48900.85531094302,
    49202.03414382453,
    49501.875451657696,
    49800.379529271,
    50101.741691756615,
    50401.7766415207,
    50700.21993146038,
    51001.205195214985,
    51300.53311210636,
    51600.31773612677,
    51900.56910905724,
    52201.296203838465,
    52500.38596200658,
    52802.09008295713,
    53100.03854044369,
    53400.62172776654,
    53701.72500043405,
    54001.21764702297,
    54301.24584875106,
    54601.81711256135,
    54900.78510124303,
    55200.30185386104,
    55500.377313286976,
    55801.02025809731,
    56100.06837102065,
    56401.86181460868,
    56702.06902916916,
    57000.68581216519,
    57302.08110242159,
    57601.897226470486,
    57900.1268292006,
    58201.162290393615,
    58500.61477544142,
    58800.67718464154,
    59101.350328524335,
    59400.42003559208,
    59700.097247416066,
    60000.38461640593,
    60301.282475855325,
    60600.554648067824,
    60900.42929887577,
    61200.90633436489,
    61501.98887179058,
    61801.42633688559,
    62101.46598719931,
    62402.11084262843,
    62701.091015178004,
    63000.660767046014,
    63300.81403574491,
    63601.55121404544,
    63900.59311717241,
    64200.21894659781,
    64500.436607803145,
    64801.25698991714,
    65100.39135341587,
    65400.14907575374,
    65700.54803471782,
    66001.61001013227,
    66301.03879439151,
    66601.20940658876,
    66902.13342661335,
    67201.4794825044,
    67501.59101422466,
    67800.13075062256,
    68101.81031541263,
    68401.9285793573,
    68700.47655851961,
    69002.20175950983,
    69302.35975612543,
    69600.93872012636,
    69900.32561699249,
    70200.52970265593,
    70501.5614522724,
    70801.00995918663,
    71101.28735063672,
    71402.40478911289,
    71701.93584190434,
    72002.31465195434,
    72301.10278662929,
    72600.75129137048,
    72901.26484916064,
    73200.17781275573,
    73502.43825515783,
    73800.60589570107,
    74102.13004139956,
    74402.0326659391,
    74700.29584154967,
    75001.93580462712,
    75301.92815136672,
    75600.25356657075,
    75901.9700350591,
    76202.0071219582,
    76500.3438922772,
    76802.08499598295,
    77102.12097364626,
    77400.43860767571,
    77702.19119710298,
    78002.22702888605,
    78300.53888379894,
    78602.31639460976,
    78902.36025538808,
    79200.65266110186,
    79502.43463552935,
    79802.46541763654,
    80100.72502713674,
    80402.4950448119,
    80702.48469603382,
    81000.6766979597,
    81302.40033573928,
    81602.31890190319,
    81900.41375969921,
    82202.06085344125,
    82501.87634053707,
    82802.55396190888,
    83101.37867696083,
    83401.06050433886,
    83701.60455139706,
    84000.272739042,
    84302.55135831212,
    84600.18912453152,
    84901.44649124159,
    85200.79925225789,
    85501.01089314918,
    85802.08604163668,
    86101.23083384885,
    86400.000000001
  ],
  "gauge_names": [
    "vandiperiyar",
    "neriamangalam",
    "kalady",
    "aluva",
    "varappuzha",
    "dam_toe",
    "idukki_pool"
  ],
  "gauge_dt": 60.0
}