{
  "duration": 86400.0,
  "dx": 90.0,
  "steps": 50294,
  "wall_s": 175.9047372341156,
  "ledger": {
    "initial": 443000000.0000037,
    "injected": 1902972760.1124358,
    "drained": 442564458.3138503,
    "sink": 369806341.83696693,
    "boundary": 54105037.92476065,
    "clipped": 0.0
  },
  "ledger_error": 1.6260620457682407e-15,
  "storage_final": 1479496922.0368655,
  "sink_total": 369806341.83696693,
  "sink_first_arrival_s": 18487.92159516935,
  "snap_times": [
    1.912783680683271,
    300.3536990741706,
    600.963099216302,
    900.9437093794634,
    1200.0466795965856,
    1501.2144294356015,
    1800.6964762315008,
    2101.094337866963,
    2400.5246498721663,
    2700.097990971521,
    3000.0271660712788,
    3301.123076702556,
    3601.147037041759,
    3900.4668950169967,
    4200.733147687841,
    4500.725688735811,
    4800.582828272665,
    5100.436116510265,
    5400.4039728686175,
    5700.588223214618,
    6001.078479921876,
    6300.4831771620275,
    6600.331522745524,
    6900.729642503921,
    7200.241349749298,
    7500.386406377818,
    7801.208583320841,
    8101.239384558106,
    8400.50200541422,
    8700.562188535458,
    9001.512454806287,
    9300.248345061864,
    9601.495464429812,
    9900.536974466462,
    10200.60339643005,
    10500.100236703676,
    10800.68174210472,
    11100.727422161284,
    11400.292907249004,
    11701.22394472884,
    12000.207961422951,
    12300.745036498476,
    12600.3796823273,
    12900.099487569098,
    13201.707516458862,
    13501.706907968104,
    13800.09718851035,
    14100.48598945286,
    14401.095245941864,
    14700.085069758707,
    15001.105862464472,
    15300.470849998223,
    15601.854185348764,
    15901.507455637719,
    16200.71002096242,
    16501.514529119173,
    16800.38476248113,
    17101.182453801204,
    17400.40102586606,
    17700.027451122594,
    18000.204127885856,
    18301.064583554024,
    18600.942898506022,
    18901.762392624503,
    19200.059941092877,
    19501.29978127587,
    19800.234003499216,
    20100.518803741958,
    20400.46386110496,
    20700.153774654886,
    21001.439577143516,
    21300.851011815117,
    21601.044162451228,
    21900.871679107142,
    22200.821473797714,
    22500.112049728228,
    22801.038661066243,
    23100.8031732733,
    23400.150187350642,
    23700.235944550826,
    24000.062552380117,
    24300.809669689654,
    24600.765009118117,
    24900.374541186306,
    25200.619860867882,
    25500.462196318804,
    25800.004430969326,
    26100.6666176706,
    26400.31518058661,
    26700.08083347755,
    27000.080145196785,
    27300.71034791907,
    27600.178954436025,
    27900.699864642935,
    28200.453362410215,
    28500.673425323806,
    28800.158642554303,
    29100.703953292134,
    29400.67992028438,
    29700.456509960823,
    30000.66941382987,
    30300.72771962877,
    30600.26340415194,
    30900.35504623373,
    31200.191592969815,
    31500.630626641756,
    31800.81875309517,
    32100.352523126134,
    32400.123683597467,
    32700.02978422375,
    33000.3796366634,
    33300.76304234459,
    33600.00377084113,
    33900.812419366,
    34200.9032260165,
    34500.371772719474,
    34800.02791577458,
    35100.36529004061,
    35400.557542130286,
    35701.087244968294,
    36000.10276536626,
    36301.14283778155,
    36601.00289262143,
    36901.38411054357,
    37201.15726883343,
    37501.3714510209,
    37801.49720784189,
    38100.593878069194,
    38400.016057285735,
    38701.784292550954,
    39000.118773598035,
    39300.93531820732,
    39600.35997051568,
    39900.33899085662,
    40200.875270055374,
    40500.01451847467,
    40801.6732082156,
    41101.94913979152,
    41400.84970962052,
    41700.345598898864,
    42000.44671694631,
    42301.15958981491,
    42600.51014043967,
    42900.477337241,
    43201.06665094709,
    43500.28849422014,
    43800.13795191807,
    44100.62722541203,
    44401.76005717192,
    44701.522189870564,
    45001.919657200444,
    45300.93443699779,
    45600.58189173583,
    45900.86288929882,
    46201.78047651058,
    46501.30860801361,
    46801.493052595775,
    47100.29828434966,
    47401.83121868981,
    47701.99630411491,
    48000.79673311529,
    48300.316812368204,
    48600.5643416002,
    48901.55543426458,
    49201.22432551062,
    49501.664936945475,
    49800.80382543919,
    50100.75374080955,
    50401.55387715889,
    50701.24207974448,
    51001.99617686878,
    51301.73032159489,
    51600.44702886096,
    51900.289733850164,
    52201.28475890401,
    52501.28714134999,
    52800.28807916249,
    53100.466814887935,
    53401.844381494586,
    53700.04423895763,
    54001.64495910976,
    54300.042327319046,
    54601.86588298737,
    54900.45473599312,
    55200.245420571344,
    55501.26227810598,
    55801.274536090044,
    56100.28127891894,
    56400.57050734968,
    56702.18152717103,
    57000.55126811353,
    57300.26046242594,
    57601.3239929319,
    57901.43525777435,
    58200.5858814895,
    58501.10880832454,
    58800.64500702769,
    59101.54033781925,
    59401.41202601319,
    59700.23144948866,
    60000.38049763139,
    60301.865739359404,
    60602.27750901405,
    60901.61877366786,
    61202.28863200467,
    61501.45867377812,
    61801.43699310192,
    62102.2370530937,
    62401.41022850958,
    62701.458825882866,
    63002.39552183031,
    63301.73293523336,
    63601.95222346085,
    63900.542492336936,
    64200.00806212121,
    64500.35475515964,
    64801.581551085976,
    65101.14731908171,
    65401.579764459995,
    65700.32465912883,
    66002.49311190078,
    66300.3968722007,
    66601.73562696364,
    66901.36453216252,
    67201.8590852512,
    67500.61842417895,
    67800.22961748648,
    68100.68674320362,
    68401.98156533904,
    68701.480128664,
    69001.79653902228,
    69300.28683326402,
    69602.23010738564,
    69902.32618407159,
    70200.55421106129,
    70502.24118013601,
    70802.0518711788,
    71102.65640355136,
    71401.36360492228,
    71700.8563116817,
    72001.13274610655,
    72302.1965810168,
    72601.33059639117,
    72901.2440653213,
    73201.93589869577,
    73500.66547562432,
    73800.16668558487,
    74100.44412702392,
    74401.50374776464,
    74700.57584960532,
    75000.42364192328,
    75301.04917995035,
    75602.46040686205,
    75901.85631188238,
    76202.02725633029,
    76500.16297895965,
    76801.8966928538,
    77101.59149624036,
    77402.06742609786,
    77700.48152670362,
    78002.524217136,
    78302.50292136913,
    78600.40435188217,
    78901.97376520572,
    79201.47022010719,
    79501.76597733225,
    79802.86528039475,
    80101.86246265873,
    80401.64969746629,
    80702.22840723537,
    81000.67629287794,
    81302.85177318889,
    81602.88962014543,
    81900.76742085243,
    82202.3843880814,
    82501.82917365851,
    82802.06256570977,
    83100.11063167042,
    83401.93874616182,
    83701.57107141316,
    84001.99766487836,
    84300.20570328791,
    84602.22008161135,
    84902.00100065513,
    85202.56961416165,
    85500.87953054887,
    85803.02199063043,
    86102.9041737078,
    86400.000000001
  ],
  "gauge_names": [
    "vandiperiyar",
    "neriamangalam",
    "kalady",
    "aluva",
    "varappuzha",
    "dam_toe"
  ],
  "gauge_dt": 60.0
}